region,country.code,economy,year,survey.name,survey.year,survey.coverage,datatype,comparability,dep.monetary,edu.attainment,edu.enrollment,infra.electricity,infra.sanitation,infra.drinkWater,dep.mpi
SSA,AGO,Angola,2018,IDREA,2018,N,c,2,49.9,29.8,27.4,52.6,53.6,32.1,58.0
ECA,ALB,Albania,2012,LSMS,2012,N,c,1,0.8,2.3,6.7,0.5,3.0,0.3,1.0
ECA,ALB,Albania,2016,HBS,2016,N,c,2,0.4,0.6,,0.4,7.6,8.4,1.1
ECA,ALB,Albania,2017,HBS,2017,N,c,2,0.4,0.3,,0.1,7.0,9.3,0.7
ECA,ALB,Albania,2018,HBS,2018,N,c,3,0.1,0.2,,0.1,6.6,9.6,0.4
LAC,ARG,Argentina,2012,EPHC-S2,2012,U,i,2,1.2,1.7,0.8,0.0,0.5,0.3,1.2
LAC,ARG,Argentina,2013,EPHC-S2,2013,U,i,2,1.0,1.6,0.9,0.0,0.4,0.3,1.0
LAC,ARG,Argentina,2014,EPHC-S2,2014,U,i,2,0.9,1.4,0.9,0.0,0.4,0.4,1.0
LAC,ARG,Argentina,2016,EPHC-S2,2016,U,i,2,1.1,1.6,1.2,0.0,0.4,0.4,1.1
LAC,ARG,Argentina,2017,EPHC-S2,2017,U,i,2,0.9,1.5,0.7,0.0,0.4,0.4,0.9
LAC,ARG,Argentina,2018,EPHC-S2,2018,U,i,2,1.4,1.3,0.7,0.0,0.5,0.3,1.4
LAC,ARG,Argentina,2019,EPHC-S2,2019,U,i,2,1.3,1.5,0.6,0.0,0.4,0.3,1.3
LAC,ARG,Argentina,2020,EPHC-S2,2020,U,i,2,1.6,1.4,0.7,0.0,0.8,0.1,1.6
ECA,ARM,Armenia,2014,ILCS,2014,N,c,1,1.5,0.0,1.9,0.2,1.2,0.6,1.6
ECA,ARM,Armenia,2015,ILCS,2015,N,c,1,1.3,0.0,2.1,0.4,0.9,1.6,1.3
ECA,ARM,Armenia,2016,ILCS,2016,N,c,1,1.2,0.1,2.2,0.1,7.9,0.4,1.2
ECA,ARM,Armenia,2017,ILCS,2017,N,c,1,0.9,0.1,1.7,0.3,7.3,0.3,0.9
ECA,ARM,Armenia,2018,ILCS,2018,N,c,1,1.4,0.0,1.7,0.1,5.1,0.4,1.4
ECA,ARM,Armenia,2019,ILCS,2019,N,c,2,1.1,0.0,2.0,0.0,2.4,1.1,1.1
ECA,ARM,Armenia,2020,ILCS,2020,N,c,2,0.4,0.1,1.9,0.0,0.8,1.6,0.4
OHI,AUS,Australia,2014,SIH-LIS,2014,N,I,2,0.5,2.1,,0.0,0.0,,2.6
OHI,AUS,Australia,2016,SIH-LIS,2016,N,I,2,0.4,1.6,,0.0,0.0,,2.0
OHI,AUS,Australia,2018,SIH-LIS,2018,N,I,2,0.5,1.7,,0.0,0.0,,2.2
OHI,AUT,Austria,2012,EU-SILC,2013,N,i,2,0.6,0.5,,0.0,1.0,0.2,1.1
OHI,AUT,Austria,2013,EU-SILC,2014,N,i,2,0.3,0.0,,0.0,1.0,0.3,0.3
OHI,AUT,Austria,2014,EU-SILC,2015,N,i,2,0.2,0.0,,0.0,1.0,0.5,0.2
OHI,AUT,Austria,2015,EU-SILC,2016,N,i,2,0.7,0.0,,0.0,0.9,0.2,0.7
OHI,AUT,Austria,2016,EU-SILC,2017,N,i,2,0.7,0.0,,0.0,0.6,0.3,0.7
OHI,AUT,Austria,2017,EU-SILC,2018,N,i,2,0.3,0.0,,0.0,0.7,0.5,0.3
OHI,AUT,Austria,2018,EU-SILC,2019,N,i,2,0.6,0.0,,0.0,0.5,0.2,0.6
OHI,AUT,Austria,2019,EU-SILC,2020,N,i,2,0.7,0.0,,0.0,0.8,0.7,0.7
SSA,BDI,Burundi,2013,ECVMB,2013,N,c,1,72.8,66.3,18.9,91.8,94.3,20.6,87.1
OHI,BEL,Belgium,2012,EU-SILC,2013,N,i,2,0.2,0.9,,0.0,2.0,0.7,1.1
OHI,BEL,Belgium,2013,EU-SILC,2014,N,i,2,0.2,1.4,,0.0,2.1,0.7,1.6
OHI,BEL,Belgium,2014,EU-SILC,2015,N,i,2,0.2,0.9,,0.0,2.3,0.7,1.2
OHI,BEL,Belgium,2015,EU-SILC,2016,N,i,2,0.3,1.9,,0.0,1.7,0.5,2.1
OHI,BEL,Belgium,2016,EU-SILC,2017,N,i,2,0.3,1.9,,0.0,1.1,0.4,2.2
OHI,BEL,Belgium,2017,EU-SILC,2018,N,i,2,0.3,1.9,,0.0,0.9,0.3,2.2
OHI,BEL,Belgium,2018,EU-SILC,2019,N,i,2,0.2,0.5,,0.0,0.7,0.3,0.7
OHI,BEL,Belgium,2019,EU-SILC,2020,N,i,2,0.2,0.6,,0.0,0.7,0.4,0.8
SSA,BEN,Benin,2015,EMICOV,2015,N,c,1,49.6,61.6,25.5,69.0,70.7,26.9,71.8
SSA,BEN,Benin,2018,EHCVM,2018,N,c,2,19.2,50.2,31.5,54.3,80.0,22.1,53.1
SSA,BFA,Burkina Faso,2014,EMC,2014,N,c,3,43.8,64.7,58.0,79.3,63.3,20.6,74.0
SSA,BFA,Burkina Faso,2018,EHCVM,2018,N,c,4,33.7,56.4,50.9,47.2,69.6,19.7,61.4
SAS,BGD,Bangladesh,2016,HIES,2016,N,c,2,14.3,22.0,8.4,23.6,54.5,2.8,21.2
ECA,BGR,Bulgaria,2012,EU-SILC,2013,N,i,5,2.2,1.3,,0.0,21.3,13.8,3.1
ECA,BGR,Bulgaria,2013,EU-SILC,2014,N,i,5,1.8,0.9,,0.0,20.6,12.5,2.6
ECA,BGR,Bulgaria,2014,EU-SILC,2015,N,i,5,1.6,1.2,,0.0,18.6,11.6,2.5
ECA,BGR,Bulgaria,2015,EU-SILC,2016,N,i,5,3.4,1.0,,0.0,18.5,11.2,4.0
ECA,BGR,Bulgaria,2016,EU-SILC,2017,N,i,6,1.9,1.0,,0.0,16.7,10.4,2.7
ECA,BGR,Bulgaria,2017,EU-SILC,2018,N,i,6,1.4,0.7,,0.0,15.3,9.4,2.0
ECA,BGR,Bulgaria,2018,EU-SILC,2019,N,i,6,0.9,0.8,,0.0,13.7,7.9,1.5
ECA,BGR,Bulgaria,2019,EU-SILC,2020,N,i,6,0.9,0.6,,0.0,13.2,7.4,1.4
ECA,BLR,Belarus,2012,HHS,2012,N,c,1,0.0,0.0,,,13.2,10.9,10.7
ECA,BLR,Belarus,2013,HHS,2013,N,c,1,0.0,0.0,,,10.6,8.7,8.6
ECA,BLR,Belarus,2014,HHS,2014,N,c,1,0.0,0.0,,,9.0,7.4,7.4
ECA,BLR,Belarus,2017,HHS,2017,N,c,1,0.0,0.0,,,6.8,5.1,5.0
ECA,BLR,Belarus,2018,HHS,2018,N,c,1,0.0,0.0,,,5.3,4.4,4.3
ECA,BLR,Belarus,2019,HHS,2019,N,c,1,0.0,0.0,,,4.6,3.3,3.2
LAC,BOL,Bolivia,2012,EH,2012,N,i,4,8.2,17.7,3.1,8.9,27.6,8.9,12.9
LAC,BOL,Bolivia,2013,EH,2013,N,i,4,6.9,16.7,3.1,9.5,26.4,8.7,12.2
LAC,BOL,Bolivia,2014,EH,2014,N,i,4,5.7,18.4,4.3,9.6,32.6,7.9,11.9
LAC,BOL,Bolivia,2015,EH,2015,N,i,4,6.3,15.2,3.8,8.4,26.6,10.8,11.3
LAC,BOL,Bolivia,2016,EH,2016,N,i,4,7.5,16.8,3.0,7.3,21.7,11.7,12.7
LAC,BOL,Bolivia,2017,EH,2017,N,i,4,6.5,16.2,1.2,7.2,22.3,9.7,10.9
LAC,BOL,Bolivia,2018,EH,2018,N,i,4,4.9,15.3,1.6,6.2,19.8,9.4,9.8
LAC,BOL,Bolivia,2019,EH,2019,N,i,4,3.2,13.2,2.2,4.9,16.3,7.4,6.6
LAC,BOL,Bolivia,2020,EH,2020,N,i,4,4.4,14.1,2.1,4.4,17.9,6.6,7.8
LAC,BRA,Brazil,2016,PNADC-E1,2016,N,i,1,4.1,17.2,0.6,0.2,36.5,2.0,5.1
LAC,BRA,Brazil,2017,PNADC-E1,2017,N,i,1,4.7,16.6,0.6,0.2,36.0,2.1,5.6
LAC,BRA,Brazil,2018,PNADC-E1,2018,N,i,1,4.7,15.8,0.5,0.3,35.9,1.8,5.4
LAC,BRA,Brazil,2019,PNADC-E1,2019,N,i,1,4.9,15.0,0.4,0.2,34.3,1.8,5.6
SAS,BTN,Bhutan,2012,BLSS,2012,N,c,1,2.2,50.0,6.5,12.9,33.8,1.7,11.1
SAS,BTN,Bhutan,2017,BLSS,2017,N,c,1,1.5,40.8,4.1,1.9,14.3,0.4,3.9
SSA,BWA,Botswana,2015,BMTHS,2015,N,c,1,14.1,8.2,4.2,35.5,52.0,3.7,20.0
OHI,CHE,Switzerland,2012,EU-SILC,2013,N,i,3,0.1,0.0,,0.0,0.0,0.0,0.1
OHI,CHE,Switzerland,2013,EU-SILC,2014,N,i,3,0.2,0.0,,0.0,0.2,0.2,0.2
OHI,CHE,Switzerland,2014,EU-SILC,2015,N,i,3,0.1,0.1,,0.0,0.0,0.1,0.2
OHI,CHE,Switzerland,2015,EU-SILC,2016,N,i,3,0.1,0.0,,0.0,0.0,0.0,0.2
OHI,CHE,Switzerland,2016,EU-SILC,2017,N,i,3,0.2,0.0,,0.0,0.0,0.1,0.2
OHI,CHE,Switzerland,2017,EU-SILC,2018,N,i,3,0.1,0.0,,0.0,0.0,0.1,0.1
OHI,CHE,Switzerland,2018,EU-SILC,2019,N,i,3,0.2,0.0,,0.0,0.1,0.1,0.2
LAC,CHL,Chile,2013,CASEN,2013,N,i,1,0.4,4.6,0.4,0.3,0.5,0.9,0.5
LAC,CHL,Chile,2015,CASEN,2015,N,i,1,0.3,4.0,0.3,0.2,0.5,0.0,0.3
LAC,CHL,Chile,2017,CASEN,2017,N,i,1,0.3,4.0,0.4,0.3,0.6,0.1,0.3
LAC,CHL,Chile,2020,CASEN,2020,N,i,1,0.7,3.4,3.3,,1.4,0.8,1.0
SSA,CIV,Côte d'Ivoire,2015,ENV,2015,N,c,2,29.8,53.2,25.6,37.4,59.5,23.3,50.8
SSA,CIV,Côte d'Ivoire,2018,EHCVM,2018,N,c,3,9.2,48.6,30.4,18.1,64.4,20.7,36.4
SSA,CMR,Cameroon,2014,ECAM-IV,2014,N,c,1,26.0,24.4,15.9,1.2,38.9,23.2,37.7
SSA,COD,"Congo, Democratic Republic of",2012,E123,2012,N,c,0,77.2,22.5,8.0,83.0,80.0,47.9,82.8
LAC,COL,Colombia,2012,GEIH,2012,N,i,3,6.2,7.7,3.5,2.9,13.1,2.5,7.7
LAC,COL,Colombia,2013,GEIH,2013,N,i,3,5.6,7.2,3.0,2.4,12.0,2.6,6.8
LAC,COL,Colombia,2014,GEIH,2014,N,i,3,5.0,6.7,3.0,2.4,11.8,2.2,6.0
LAC,COL,Colombia,2015,GEIH,2015,N,i,3,4.6,6.4,2.9,1.9,10.7,2.2,5.5
LAC,COL,Colombia,2016,GEIH,2016,N,i,3,4.5,6.0,2.7,1.6,8.9,2.2,5.3
LAC,COL,Colombia,2017,GEIH,2017,N,i,3,4.0,5.7,2.5,1.5,8.7,2.3,4.7
LAC,COL,Colombia,2018,GEIH,2018,N,i,3,4.2,5.5,2.6,1.5,8.3,2.5,4.8
LAC,COL,Colombia,2019,GEIH,2019,N,i,3,4.9,5.1,2.8,1.3,8.2,2.4,5.5
SSA,COM,Comoros,2014,EESIC,2013,N,c,1,19.1,15.3,7.3,28.5,67.2,6.4,26.7
SSA,CPV,Cabo Verde,2015,IDRF,2015,N,c,2,3.4,11.7,2.7,9.9,30.2,11.1,6.5
LAC,CRI,Costa Rica,2012,ENAHO,2012,N,i,2,1.6,4.6,1.7,0.3,2.2,0.7,1.9
LAC,CRI,Costa Rica,2013,ENAHO,2013,N,i,2,1.6,4.5,1.4,0.3,2.5,0.6,1.9
LAC,CRI,Costa Rica,2014,ENAHO,2014,N,i,2,1.5,4.4,1.0,0.6,1.9,0.5,1.8
LAC,CRI,Costa Rica,2015,ENAHO,2015,N,i,2,1.5,4.5,1.4,0.6,2.0,0.5,1.9
LAC,CRI,Costa Rica,2016,ENAHO,2016,N,i,2,1.3,4.8,1.0,0.5,2.1,0.6,1.6
LAC,CRI,Costa Rica,2017,ENAHO,2017,N,i,2,1.1,4.6,0.9,0.3,2.0,0.4,1.3
LAC,CRI,Costa Rica,2018,ENAHO,2018,N,i,2,1.5,4.9,1.0,0.3,1.8,0.4,1.7
LAC,CRI,Costa Rica,2019,ENAHO,2019,N,i,2,1.0,4.5,0.5,0.3,1.5,0.4,1.1
LAC,CRI,Costa Rica,2020,ENAHO,2020,N,i,2,2.1,3.9,0.5,0.1,1.4,0.1,2.1
OHI,CYP,Cyprus,2012,EU-SILC,2013,N,i,0,0.0,1.9,,0.0,1.1,1.0,1.9
OHI,CYP,Cyprus,2013,EU-SILC,2014,N,i,0,0.1,1.8,,0.0,1.0,1.0,1.9
OHI,CYP,Cyprus,2014,EU-SILC,2015,N,i,0,0.1,1.5,,0.0,0.9,0.9,1.6
OHI,CYP,Cyprus,2015,EU-SILC,2016,N,i,0,0.0,1.6,,0.0,0.7,0.7,1.6
OHI,CYP,Cyprus,2016,EU-SILC,2017,N,i,0,0.0,1.5,,0.0,0.6,0.6,1.5
OHI,CYP,Cyprus,2017,EU-SILC,2018,N,i,0,0.0,1.4,,0.0,0.5,0.5,1.4
OHI,CYP,Cyprus,2018,EU-SILC,2019,N,i,0,0.0,1.3,,0.0,0.5,0.5,1.3
OHI,CYP,Cyprus,2019,EU-SILC,2020,N,i,0,0.2,1.1,,0.0,0.4,0.5,1.2
ECA,CZE,Czech Republic,2012,EU-SILC,2013,N,i,1,0.1,0.0,,0.0,0.9,0.5,0.1
ECA,CZE,Czech Republic,2013,EU-SILC,2014,N,i,1,0.1,0.0,,0.0,0.7,0.3,0.1
ECA,CZE,Czech Republic,2014,EU-SILC,2015,N,i,1,0.1,0.0,,0.0,0.6,0.3,0.1
ECA,CZE,Czech Republic,2015,EU-SILC,2016,N,i,1,0.0,0.0,,0.0,0.5,0.3,0.0
ECA,CZE,Czech Republic,2016,EU-SILC,2017,N,i,1,0.0,0.0,,0.0,0.4,0.3,0.0
ECA,CZE,Czech Republic,2017,EU-SILC,2018,N,i,1,0.1,0.0,,0.0,0.5,0.3,0.1
ECA,CZE,Czech Republic,2018,EU-SILC,2019,N,i,1,0.0,0.0,,0.0,0.4,0.2,0.0
ECA,CZE,Czech Republic,2019,EU-SILC,2020,N,i,1,0.0,0.0,,0.0,0.3,0.2,0.0
OHI,DEU,Germany,2012,GSOEP-LIS,2012,N,I,2,0.1,1.4,2.7,0.0,0.0,,0.1
OHI,DEU,Germany,2013,GSOEP-LIS,2013,N,I,2,0.0,1.5,2.6,0.0,0.0,,0.1
OHI,DEU,Germany,2014,GSOEP-LIS,2014,N,I,2,0.1,1.6,2.3,0.0,0.0,,0.2
OHI,DEU,Germany,2015,GSOEP-LIS,2015,N,I,2,0.1,1.4,2.2,0.0,0.0,,0.1
OHI,DEU,Germany,2016,GSOEP-LIS,2016,N,I,2,0.1,2.0,22.5,0.0,0.0,,0.6
OHI,DEU,Germany,2017,GSOEP-LIS,2017,N,I,2,0.2,3.0,2.1,0.0,0.0,,0.2
OHI,DEU,Germany,2018,GSOEP-LIS,2018,N,I,2,0.1,2.7,2.5,0.0,0.0,,0.2
MNA,DJI,Djibouti,2012,EDAM,2012,N,c,1,18.2,33.0,26.4,45.4,59.6,7.0,33.1
MNA,DJI,Djibouti,2017,EDAM,2017,N,c,3,17.0,30.1,18.0,34.2,45.4,7.1,27.9
OHI,DNK,Denmark,2012,EU-SILC,2013,N,i,1,0.7,1.3,,0.0,0.6,2.0,1.8
OHI,DNK,Denmark,2013,EU-SILC,2014,N,i,1,0.9,1.4,,0.0,0.5,2.2,2.2
OHI,DNK,Denmark,2014,EU-SILC,2015,N,i,1,0.5,1.9,,0.0,0.6,2.2,2.3
OHI,DNK,Denmark,2015,EU-SILC,2016,N,i,1,0.6,0.9,,0.0,0.6,2.4,1.4
OHI,DNK,Denmark,2016,EU-SILC,2017,N,i,1,0.6,0.4,,0.0,0.5,2.0,0.9
OHI,DNK,Denmark,2017,EU-SILC,2018,N,i,1,0.5,0.4,,0.0,0.4,1.9,0.9
OHI,DNK,Denmark,2018,EU-SILC,2019,N,i,1,0.6,0.3,,0.0,0.3,1.8,0.9
OHI,DNK,Denmark,2019,EU-SILC,2020,N,i,1,0.5,0.5,,0.0,0.5,2.0,0.9
LAC,DOM,Dominican Republic,2012,ENFT,2012,N,i,5,2.6,16.1,2.4,1.1,3.1,23.8,4.8
LAC,DOM,Dominican Republic,2013,ENFT,2013,N,i,5,2.2,15.5,1.6,1.0,3.5,24.1,4.5
LAC,DOM,Dominican Republic,2014,ENFT,2014,N,i,5,2.1,14.7,2.1,0.8,2.4,22.4,3.8
LAC,DOM,Dominican Republic,2015,ENFT,2015,N,i,5,1.8,13.5,1.7,0.8,2.4,21.6,3.4
LAC,DOM,Dominican Republic,2016,ENFT,2016,N,i,5,1.6,13.4,1.6,0.5,2.0,17.6,3.2
LAC,DOM,Dominican Republic,2017,ECNFT-Q03,2017,N,i,6,0.7,13.6,5.7,0.9,7.0,1.0,2.3
LAC,DOM,Dominican Republic,2018,ECNFT-Q03,2018,N,i,6,0.4,14.4,3.8,0.9,6.7,5.5,2.1
LAC,DOM,Dominican Republic,2019,ECNFT-Q03,2019,N,i,6,0.6,12.4,6.3,0.7,6.5,5.9,2.2
LAC,DOM,Dominican Republic,2020,ECNFT-Q03,2020,N,i,6,0.8,13.1,8.8,0.6,5.7,5.2,2.7
LAC,ECU,Ecuador,2012,ENEMDU,2012,N,i,5,4.5,6.8,2.6,2.9,3.9,5.5,5.5
LAC,ECU,Ecuador,2013,ENEMDU,2013,N,i,5,3.2,5.8,2.4,2.0,3.9,4.6,4.1
LAC,ECU,Ecuador,2014,ENEMDU,2014,N,i,5,2.6,4.7,2.0,1.0,3.7,3.3,3.2
LAC,ECU,Ecuador,2015,ENEMDU,2015,N,i,5,3.5,4.5,1.7,1.3,3.6,2.9,4.0
LAC,ECU,Ecuador,2016,ENEMDU,2016,N,i,5,3.6,4.1,1.7,1.2,3.3,2.5,4.1
LAC,ECU,Ecuador,2017,ENEMDU,2017,N,i,5,3.2,4.4,2.0,0.8,3.6,3.3,3.7
LAC,ECU,Ecuador,2018,ENEMDU,2018,N,i,5,3.3,3.8,2.3,1.2,3.1,3.9,3.8
LAC,ECU,Ecuador,2019,ENEMDU,2019,N,i,5,3.6,3.9,2.9,1.4,3.6,4.3,4.2
LAC,ECU,Ecuador,2020,ENEMDU,2020,N,i,5,6.5,3.8,2.3,2.8,4.8,4.6,6.9
MNA,EGY,"Egypt, Arab Rep.",2012,HIECS,2012,N,c,3,1.5,14.1,7.2,0.3,11.4,1.1,3.4
MNA,EGY,"Egypt, Arab Rep.",2015,HIECS,2015,N,c,3,1.6,11.5,6.3,0.7,4.0,4.4,3.2
MNA,EGY,"Egypt, Arab Rep.",2017,HIECS,2017,N,c,3,3.8,10.6,4.2,0.5,3.2,0.8,4.7
OHI,ESP,Spain,2012,EU-SILC,2013,N,i,2,1.4,1.7,,0.0,0.1,0.1,3.0
OHI,ESP,Spain,2013,EU-SILC,2014,N,i,2,1.6,4.0,,0.0,0.1,0.1,5.5
OHI,ESP,Spain,2014,EU-SILC,2015,N,i,2,1.3,4.3,,0.0,0.1,0.1,5.6
OHI,ESP,Spain,2015,EU-SILC,2016,N,i,2,1.1,4.0,,0.0,0.3,0.3,5.0
OHI,ESP,Spain,2016,EU-SILC,2017,N,i,2,1.4,3.5,,0.0,0.1,0.1,4.8
OHI,ESP,Spain,2017,EU-SILC,2018,N,i,2,0.9,3.4,,0.0,0.2,0.2,4.2
OHI,ESP,Spain,2018,EU-SILC,2019,N,i,2,1.0,3.0,,0.0,0.4,0.3,4.0
OHI,ESP,Spain,2019,EU-SILC,2020,N,i,2,0.9,2.7,,0.0,0.4,0.2,3.6
ECA,EST,Estonia,2012,EU-SILC,2013,N,i,3,1.0,0.1,,0.0,8.0,9.2,1.0
ECA,EST,Estonia,2013,EU-SILC,2014,N,i,3,1.1,0.1,,0.0,7.2,8.2,1.1
ECA,EST,Estonia,2014,EU-SILC,2015,N,i,3,0.9,0.1,,0.0,6.9,7.3,1.0
ECA,EST,Estonia,2015,EU-SILC,2016,N,i,3,0.8,0.1,,0.0,6.9,7.5,0.9
ECA,EST,Estonia,2016,EU-SILC,2017,N,i,3,0.7,0.0,,0.0,6.1,7.0,0.7
ECA,EST,Estonia,2017,EU-SILC,2018,N,i,3,0.5,0.0,,0.0,5.3,6.6,0.5
ECA,EST,Estonia,2018,EU-SILC,2019,N,i,3,0.5,0.0,,0.0,4.7,5.8,0.5
ECA,EST,Estonia,2019,EU-SILC,2020,N,i,3,0.6,0.1,,0.0,3.9,5.2,0.7
SSA,ETH,Ethiopia,2015,HICES,2015,N,c,1,30.8,66.7,31.2,64.1,95.9,42.7,73.5
OHI,FIN,Finland,2012,EU-SILC,2013,N,i,1,0.1,0.8,,0.0,0.6,0.7,0.9
OHI,FIN,Finland,2013,EU-SILC,2014,N,i,1,0.1,0.8,,0.0,0.6,0.7,0.8
OHI,FIN,Finland,2014,EU-SILC,2015,N,i,1,0.1,0.9,,0.0,0.5,0.8,1.0
OHI,FIN,Finland,2015,EU-SILC,2016,N,i,1,0.1,0.9,,0.0,0.5,0.7,0.9
OHI,FIN,Finland,2016,EU-SILC,2017,N,i,1,0.1,1.4,,0.0,0.4,0.5,1.4
OHI,FIN,Finland,2017,EU-SILC,2018,N,i,1,0.1,1.5,,0.0,0.4,0.4,1.6
OHI,FIN,Finland,2018,EU-SILC,2019,N,i,1,0.1,1.0,,0.0,0.3,0.3,1.1
OHI,FIN,Finland,2019,EU-SILC,2020,N,i,1,0.0,0.9,,0.0,0.3,0.3,1.0
EAP,FJI,Fiji,2013,HIES,2013,N,c,0,0.5,0.8,1.4,10.0,3.2,7.8,0.7
EAP,FJI,Fiji,2019,HIES,2019,N,c,1,1.8,0.6,1.9,4.5,5.1,12.0,2.1
OHI,FRA,France,2012,EU-SILC,2013,N,i,1,0.1,0.5,,0.0,0.5,0.5,0.6
OHI,FRA,France,2013,EU-SILC,2014,N,i,1,0.1,1.0,,0.0,0.5,0.5,1.1
OHI,FRA,France,2014,EU-SILC,2015,N,i,1,0.1,1.0,,0.0,0.5,0.5,1.1
OHI,FRA,France,2015,EU-SILC,2016,N,i,1,0.2,1.1,,0.0,0.6,0.6,1.3
OHI,FRA,France,2016,EU-SILC,2017,N,i,1,0.1,1.7,,0.0,0.6,0.6,1.8
OHI,FRA,France,2017,EU-SILC,2018,N,i,1,0.1,1.5,,0.0,0.5,0.6,1.6
OHI,FRA,France,2018,EU-SILC,2019,N,i,1,0.1,1.6,,0.0,0.5,0.5,1.7
EAP,FSM,"Micronesia, Federated States of",2013,HIES,2013,N,c,2,15.4,8.7,28.0,23.6,42.8,5.2,22.1
SSA,GAB,Gabon,2017,EGEP,2017,N,c,1,3.4,11.3,7.9,8.6,68.2,11.5,9.1
OHI,GBR,United Kingdom,2012,EU-SILC,2013,N,i,2,0.5,4.5,,0.0,0.2,0.4,4.9
OHI,GBR,United Kingdom,2013,EU-SILC,2014,N,i,2,0.5,0.5,,0.0,0.4,0.5,1.0
OHI,GBR,United Kingdom,2014,EU-SILC,2015,N,i,2,0.7,1.3,,0.0,0.4,0.6,1.9
OHI,GBR,United Kingdom,2015,EU-SILC,2016,N,i,2,0.7,0.5,,0.0,0.4,0.6,1.2
ECA,GEO,Georgia,2013,HIS,2013,N,c,2,6.4,0.2,0.9,0.0,6.4,6.4,6.5
ECA,GEO,Georgia,2014,HIS,2014,N,c,2,4.9,0.2,0.9,0.0,5.7,6.4,4.9
ECA,GEO,Georgia,2015,HIS,2015,N,c,2,3.7,0.1,0.9,0.0,6.7,6.0,3.7
ECA,GEO,Georgia,2016,HIS,2016,N,c,2,3.8,0.1,1.0,0.0,6.7,6.7,3.9
ECA,GEO,Georgia,2017,HIS,2017,N,c,2,5.0,0.1,0.9,0.0,8.9,8.5,5.0
ECA,GEO,Georgia,2018,HIS,2018,N,c,2,4.5,0.0,1.1,0.0,9.0,8.6,4.5
ECA,GEO,Georgia,2019,HIS,2019,N,c,2,3.8,0.0,0.7,0.0,10.0,7.0,3.8
ECA,GEO,Georgia,2020,HIS,2020,N,c,2,4.2,0.1,1.2,0.0,9.5,5.7,4.3
SSA,GHA,Ghana,2012,GLSS-VI,2012,N,c,1,11.2,17.1,8.6,33.6,43.1,13.6,22.4
SSA,GHA,Ghana,2016,GLSS-VII,2016,N,c,1,12.7,15.1,9.0,19.5,79.9,40.8,23.2
SSA,GIN,Guinea,2012,ELEP,2012,N,c,3,36.1,53.7,45.6,74.9,65.7,31.2,67.2
SSA,GIN,Guinea,2018,EHCVM,2018,N,c,4,23.2,61.3,25.0,56.4,71.1,21.0,54.3
SSA,GMB,"Gambia, The",2015,IHS,2015,N,c,3,10.3,29.9,6.1,8.0,58.2,8.2,15.5
SSA,GNB,Guinea-Bissau,2018,EHCVM,2018,N,c,4,24.7,41.0,30.1,42.1,63.0,21.6,47.7
OHI,GRC,Greece,2012,EU-SILC,2013,N,i,1,2.1,2.6,,0.0,0.7,0.9,4.7
OHI,GRC,Greece,2013,EU-SILC,2014,N,i,1,1.1,2.6,,0.0,0.5,0.7,3.7
OHI,GRC,Greece,2014,EU-SILC,2015,N,i,1,2.1,2.2,,0.0,0.5,0.5,4.3
OHI,GRC,Greece,2015,EU-SILC,2016,N,i,1,1.9,2.2,,0.0,0.4,0.4,4.1
OHI,GRC,Greece,2016,EU-SILC,2017,N,i,1,1.7,2.2,,0.0,0.3,0.5,3.8
OHI,GRC,Greece,2017,EU-SILC,2018,N,i,1,1.2,1.7,,0.0,0.3,0.5,2.9
OHI,GRC,Greece,2018,EU-SILC,2019,N,i,1,0.7,1.8,,0.0,0.3,0.4,2.4
OHI,GRC,Greece,2019,EU-SILC,2020,N,i,1,1.1,2.0,,0.0,0.3,0.1,3.0
LAC,GTM,Guatemala,2014,ENCOVI,2014,N,i,2,8.8,24.8,18.3,16.5,46.7,8.4,21.6
LAC,HND,Honduras,2012,EPHPM,2012,N,i,5,19.0,15.0,13.2,17.9,11.4,8.7,23.5
LAC,HND,Honduras,2013,EPHPM,2013,N,i,5,16.4,14.0,16.4,13.6,9.7,8.9,20.6
LAC,HND,Honduras,2014,EPHPM,2014,N,i,5,15.2,13.5,14.3,13.9,11.1,9.9,20.4
LAC,HND,Honduras,2015,EPHPM,2015,N,i,5,14.9,12.4,11.9,12.4,11.1,8.9,18.8
LAC,HND,Honduras,2016,EPHPM,2016,N,i,5,16.1,11.5,10.3,10.3,9.2,8.4,19.2
LAC,HND,Honduras,2017,EPHPM,2017,N,i,5,15.4,11.8,10.6,9.3,9.5,8.7,18.2
LAC,HND,Honduras,2018,EPHPM,2018,N,i,5,15.8,12.2,12.1,8.4,7.4,8.0,18.4
LAC,HND,Honduras,2019,EPHPM,2019,N,i,5,14.7,10.1,10.0,6.7,5.8,5.7,16.6
ECA,HRV,Croatia,2012,EU-SILC,2013,N,i,3,0.9,0.3,,0.0,1.7,1.8,1.1
ECA,HRV,Croatia,2013,EU-SILC,2014,N,i,3,0.8,0.3,,0.0,2.0,1.9,1.0
ECA,HRV,Croatia,2014,EU-SILC,2015,N,i,3,1.0,0.2,,0.0,1.9,1.7,1.2
ECA,HRV,Croatia,2015,EU-SILC,2016,N,i,3,0.7,0.2,,0.0,1.7,1.6,0.9
ECA,HRV,Croatia,2016,EU-SILC,2017,N,i,3,0.7,0.3,,0.0,1.6,1.4,1.0
ECA,HRV,Croatia,2017,EU-SILC,2018,N,i,3,0.6,0.3,,0.0,1.3,1.2,0.8
ECA,HRV,Croatia,2018,EU-SILC,2019,N,i,3,0.5,0.3,,0.0,1.1,0.9,0.7
ECA,HRV,Croatia,2019,EU-SILC,2020,N,i,3,0.3,0.3,,0.0,1.4,0.9,0.6
LAC,HTI,Haiti,2012,ECVMAS,2012,N,c,1,24.5,23.2,9.0,64.3,68.8,33.5,44.4
ECA,HUN,Hungary,2012,EU-SILC,2013,N,i,4,0.3,0.0,,0.0,5.3,4.3,0.4
ECA,HUN,Hungary,2013,EU-SILC,2014,N,i,4,0.1,0.0,,0.0,5.3,4.3,0.1
ECA,HUN,Hungary,2014,EU-SILC,2015,N,i,4,0.7,0.0,,0.0,3.9,3.6,0.7
ECA,HUN,Hungary,2015,EU-SILC,2016,N,i,4,0.9,0.1,,0.0,4.3,4.1,0.9
ECA,HUN,Hungary,2016,EU-SILC,2017,N,i,4,2.1,0.0,,0.0,3.9,3.5,2.1
ECA,HUN,Hungary,2017,EU-SILC,2018,N,i,4,0.7,0.0,,0.0,3.8,3.6,0.7
ECA,HUN,Hungary,2018,EU-SILC,2019,N,i,4,0.4,0.0,,0.0,3.0,2.8,0.4
ECA,HUN,Hungary,2019,EU-SILC,2020,N,i,4,0.3,0.0,,0.0,1.6,1.6,0.4
EAP,IDN,Indonesia,2016,SUSENAS,2016,N,c,5,5.3,5.0,1.7,2.4,16.5,10.7,6.8
EAP,IDN,Indonesia,2017,SUSENAS,2017,N,c,5,4.5,4.3,1.7,1.9,24.7,9.3,5.9
EAP,IDN,Indonesia,2018,SUSENAS,2018,N,c,5,3.6,5.0,1.6,1.5,22.9,8.9,5.0
EAP,IDN,Indonesia,2020,SUSENAS,2020,N,c,5,2.3,3.7,1.4,1.0,14.0,7.4,3.0
EAP,IDN,Indonesia,2021,SUSENAS,2021,N,c,5,2.2,3.8,1.2,0.8,11.6,6.5,2.8
OHI,IRL,Ireland,2012,EU-SILC,2013,N,i,3,0.3,1.4,,0.0,2.1,1.6,1.6
OHI,IRL,Ireland,2013,EU-SILC,2014,N,i,3,0.7,0.8,,0.0,0.1,0.3,1.4
OHI,IRL,Ireland,2014,EU-SILC,2015,N,i,3,0.4,0.6,,0.0,0.1,0.2,1.0
OHI,IRL,Ireland,2015,EU-SILC,2016,N,i,3,0.3,0.8,,0.0,0.2,0.3,1.1
OHI,IRL,Ireland,2016,EU-SILC,2017,N,i,3,0.1,0.6,,0.0,0.1,0.2,0.7
OHI,IRL,Ireland,2017,EU-SILC,2018,N,i,3,0.2,0.4,,0.0,0.3,0.1,0.6
OHI,IRL,Ireland,2018,EU-SILC,2019,N,i,3,0.0,0.7,,0.0,0.2,0.2,0.7
MNA,IRN,"Iran, Islamic Rep.",2013,HEIS,2013,N,c,1,0.2,4.5,1.4,0.1,4.2,2.4,0.6
MNA,IRN,"Iran, Islamic Rep.",2016,HEIS,2016,N,c,1,0.4,5.5,1.0,0.0,2.4,1.6,0.6
MNA,IRN,"Iran, Islamic Rep.",2017,HEIS,2017,N,c,1,0.4,5.4,1.0,0.0,2.0,1.6,0.6
MNA,IRN,"Iran, Islamic Rep.",2018,HEIS,2018,N,c,1,0.5,4.5,1.0,0.0,2.2,1.8,0.7
MNA,IRN,"Iran, Islamic Rep.",2019,HEIS,2019,N,c,1,0.6,4.4,0.8,0.0,1.9,1.6,0.7
MNA,IRQ,Iraq,2012,IHSES,2012,N,c,0,1.7,13.6,22.7,0.1,0.9,10.0,6.6
OHI,ISL,Iceland,2012,EU-SILC,2013,N,i,0,0.2,0.1,,0.0,0.0,0.1,0.3
OHI,ISL,Iceland,2013,EU-SILC,2014,N,i,0,0.3,0.1,,0.0,0.0,0.1,0.3
OHI,ISL,Iceland,2014,EU-SILC,2015,N,i,0,0.1,0.2,,0.0,0.0,0.1,0.3
OHI,ISL,Iceland,2015,EU-SILC,2016,N,i,0,0.1,0.0,,0.0,0.0,0.2,0.2
OHI,ISL,Iceland,2016,EU-SILC,2017,N,i,0,0.3,0.0,,0.0,0.0,0.0,0.3
OHI,ISL,Iceland,2017,EU-SILC,2018,N,i,0,0.2,0.0,,0.0,0.0,0.2,0.2
OHI,ISR,Israel,2012,HES-LIS,2012,N,I,0,0.5,1.1,0.3,0.0,0.0,,0.5
OHI,ISR,Israel,2013,HES-LIS,2013,N,I,0,0.4,0.8,0.1,0.0,0.0,,0.4
OHI,ISR,Israel,2014,HES-LIS,2014,N,I,0,0.4,0.9,0.0,0.0,0.0,,0.4
OHI,ISR,Israel,2015,HES-LIS,2015,N,I,0,0.4,0.8,0.2,0.0,0.0,,0.4
OHI,ISR,Israel,2016,HES-LIS,2016,N,I,0,0.1,0.7,0.1,0.0,0.0,,0.1
OHI,ISR,Israel,2017,HES-LIS,2017,N,I,0,0.4,0.7,,0.0,0.0,,1.1
OHI,ISR,Israel,2018,HES-LIS,2018,N,I,0,0.3,0.7,,0.0,0.0,,0.9
OHI,ITA,Italy,2012,EU-SILC,2013,N,i,1,1.5,1.3,,0.0,1.1,0.6,2.7
OHI,ITA,Italy,2013,EU-SILC,2014,N,i,1,1.5,1.3,,0.0,0.8,0.4,2.8
OHI,ITA,Italy,2014,EU-SILC,2015,N,i,1,1.6,1.1,,0.0,0.6,0.4,2.7
OHI,ITA,Italy,2015,EU-SILC,2016,N,i,1,2.3,1.6,,0.0,0.4,0.4,3.8
OHI,ITA,Italy,2016,EU-SILC,2017,N,i,1,1.7,1.4,,0.0,0.6,0.6,3.1
OHI,ITA,Italy,2017,EU-SILC,2018,N,i,1,1.6,1.3,,0.0,0.6,0.5,2.9
OHI,ITA,Italy,2018,EU-SILC,2019,N,i,1,1.6,1.3,,0.0,0.8,0.7,2.9
OHI,JPN,Japan,2013,JHPS-LIS,2013,N,I,0,0.7,8.8,0.5,0.0,0.0,,0.8
ECA,KAZ,Kazakhstan,2012,HBS,2012,N,c,3,0.0,0.0,,0.0,,,0.0
ECA,KAZ,Kazakhstan,2013,HBS,2013,N,c,3,0.0,0.0,,0.0,0.0,0.4,0.0
ECA,KAZ,Kazakhstan,2014,HBS,2014,N,c,3,0.0,0.0,,0.0,,,0.0
ECA,KAZ,Kazakhstan,2015,HBS,2015,N,c,3,0.0,0.0,,0.0,,,0.0
ECA,KAZ,Kazakhstan,2016,HBS,2016,N,c,3,0.0,0.0,,0.0,,,0.0
ECA,KAZ,Kazakhstan,2017,HBS,2017,N,c,3,0.0,0.0,,0.0,0.0,1.4,0.0
ECA,KAZ,Kazakhstan,2018,HBS,2018,N,c,3,0.0,0.0,,0.0,0.5,0.7,0.0
SSA,KEN,Kenya,2015,IHBS,2015,N,c,3,37.1,22.5,6.1,56.9,69.0,32.2,50.1
ECA,KGZ,Kyrgyz Republic,2013,KIHS,2013,N,c,2,2.2,0.2,,1.4,0.5,10.7,2.4
ECA,KGZ,Kyrgyz Republic,2014,KIHS,2014,N,c,2,0.9,,,1.6,,,2.4
ECA,KGZ,Kyrgyz Republic,2015,KIHS,2015,N,c,2,1.8,0.2,,1.0,,,2.3
ECA,KGZ,Kyrgyz Republic,2016,KIHS,2016,N,c,2,1.0,0.1,,0.3,,,1.4
ECA,KGZ,Kyrgyz Republic,2017,KIHS,2017,N,c,2,1.1,0.1,,0.0,0.9,13.4,1.2
ECA,KGZ,Kyrgyz Republic,2018,KIHS,2018,N,c,2,0.6,0.0,,1.8,0.1,8.9,0.6
ECA,KGZ,Kyrgyz Republic,2020,KIHS,2020,N,c,2,1.1,0.0,0.1,0.0,0.1,4.6,1.1
EAP,KIR,Kiribati,2019,HIES,2019,N,c,1,1.3,0.6,6.0,,83.8,17.1,20.7
OHI,KOR,"Korea, Rep.",2012,HIES-FHES-LIS,2012,N,I,0,0.3,0.0,,0.0,0.0,,0.3
OHI,KOR,"Korea, Rep.",2014,HIES-FHES-LIS,2014,N,I,0,0.2,0.0,,0.0,0.0,,0.2
OHI,KOR,"Korea, Rep.",2016,HIES-FHES-LIS,2016,N,I,0,0.1,0.0,,0.0,0.0,,0.1
EAP,LAO,Lao PDR,2012,LECS,2012,N,c,1,14.5,13.4,5.7,11.1,31.9,44.3,19.9
EAP,LAO,Lao PDR,2018,LECS,2018,N,c,1,10.0,12.8,5.7,1.7,22.5,7.8,12.8
SSA,LBR,Liberia,2014,HIES,2014,N,c,1,41.7,40.6,,,53.4,19.1,62.4
SSA,LBR,Liberia,2016,HIES,2016,N,c,1,44.4,30.5,54.1,79.7,61.8,25.7,64.0
SAS,LKA,Sri Lanka,2016,HIES,2016,N,c,3,0.9,3.8,4.0,2.5,0.8,12.5,1.4
SSA,LSO,Lesotho,2017,CMSHBS,2017,N,c,3,27.2,18.1,4.8,58.7,55.1,13.7,36.6
ECA,LTU,Lithuania,2012,EU-SILC,2013,N,i,3,1.0,0.6,,0.0,13.6,12.9,1.6
ECA,LTU,Lithuania,2013,EU-SILC,2014,N,i,3,0.7,0.5,,0.0,12.5,12.0,1.3
ECA,LTU,Lithuania,2014,EU-SILC,2015,N,i,3,1.3,0.5,,0.0,12.3,11.4,1.8
ECA,LTU,Lithuania,2015,EU-SILC,2016,N,i,3,1.1,0.4,,0.0,13.7,13.0,1.5
ECA,LTU,Lithuania,2016,EU-SILC,2017,N,i,3,1.4,0.5,,0.0,12.1,11.5,1.9
ECA,LTU,Lithuania,2017,EU-SILC,2018,N,i,3,1.1,0.2,,0.0,10.6,9.9,1.4
ECA,LTU,Lithuania,2018,EU-SILC,2019,N,i,3,1.0,0.4,,0.0,9.9,9.5,1.4
ECA,LTU,Lithuania,2019,EU-SILC,2020,N,i,3,0.6,0.4,,0.0,7.6,7.2,1.0
OHI,LUX,Luxembourg,2012,EU-SILC,2013,N,i,1,0.4,0.2,,0.0,0.1,0.3,0.6
OHI,LUX,Luxembourg,2013,EU-SILC,2014,N,i,1,0.6,0.6,,0.0,0.1,0.2,1.2
OHI,LUX,Luxembourg,2014,EU-SILC,2015,N,i,1,0.4,1.1,,0.0,0.0,0.1,1.5
OHI,LUX,Luxembourg,2015,EU-SILC,2016,N,i,1,0.7,1.0,,0.0,0.5,1.1,1.7
OHI,LUX,Luxembourg,2016,EU-SILC,2017,N,i,1,0.5,1.1,,0.0,0.1,0.5,1.6
OHI,LUX,Luxembourg,2017,EU-SILC,2018,N,i,1,0.8,0.8,,0.0,0.0,0.2,1.5
OHI,LUX,Luxembourg,2018,EU-SILC,2019,N,i,1,0.6,0.4,,0.0,0.1,0.3,0.9
OHI,LUX,Luxembourg,2019,EU-SILC,2020,N,i,1,0.4,0.5,,0.0,0.1,0.1,0.9
ECA,LVA,Latvia,2012,EU-SILC,2013,N,i,2,1.4,0.4,,0.0,15.1,17.0,1.7
ECA,LVA,Latvia,2013,EU-SILC,2014,N,i,2,1.5,0.8,,0.0,14.7,16.1,2.2
ECA,LVA,Latvia,2014,EU-SILC,2015,N,i,2,1.1,0.3,,0.0,13.8,15.4,1.3
ECA,LVA,Latvia,2015,EU-SILC,2016,N,i,2,0.9,0.3,,0.0,12.8,14.2,1.2
ECA,LVA,Latvia,2016,EU-SILC,2017,N,i,2,1.1,0.2,,0.0,10.9,12.2,1.3
ECA,LVA,Latvia,2017,EU-SILC,2018,N,i,2,1.0,0.1,,0.0,10.0,11.9,1.2
ECA,LVA,Latvia,2018,EU-SILC,2019,N,i,2,0.6,0.2,,0.0,8.8,10.2,0.8
ECA,LVA,Latvia,2019,EU-SILC,2020,N,i,2,0.5,0.1,,0.0,7.9,8.9,0.6
MNA,MAR,Morocco,2013,ENCDM,2013,N,c,1,0.9,12.7,6.8,2.4,12.9,8.7,5.4
ECA,MDA,Moldova,2017,HBS,2017,N,c,2,0.1,0.1,0.4,0.0,29.6,18.7,0.3
ECA,MDA,Moldova,2018,HBS,2018,N,c,2,0.0,0.1,0.4,0.0,26.7,17.2,0.3
ECA,MDA,Moldova,2019,HBS,2019,N,c,2,0.0,2.5,0.5,0.0,25.5,16.9,0.8
SSA,MDG,Madagascar,2012,ENSOMD,2012,N,c,3,78.8,49.0,34.7,13.0,76.9,59.9,81.5
SAS,MDV,Maldives,2016,HIES,2016,N,c,2,0.0,2.2,1.5,0.0,5.7,0.9,0.0
SAS,MDV,Maldives,2019,HIES,2019,N,c,2,0.0,0.0,1.9,1.9,4.8,0.0,0.0
LAC,MEX,Mexico,2012,ENIGH,2012,N,i,0,3.8,6.1,2.8,0.8,4.4,7.4,4.5
LAC,MEX,Mexico,2014,ENIGH,2014,N,i,0,3.7,5.5,2.5,0.7,,,4.4
LAC,MEX,Mexico,2016,ENIGHNS,2016,N,i,1,3.2,4.5,2.4,0.4,2.1,4.7,3.6
LAC,MEX,Mexico,2018,ENIGHNS,2018,N,i,1,2.7,4.3,2.5,0.4,1.9,4.2,3.0
LAC,MEX,Mexico,2020,ENIGHNS,2020,N,i,1,3.1,3.8,2.5,0.2,1.3,3.9,3.4
EAP,MHL,Marshall Islands,2019,HIES,2019,N,c,0,0.8,1.0,3.4,1.1,29.0,1.7,1.0
ECA,MKD,"Macedonia, FYR",2012,SILC-C,2013,N,i,2,7.5,0.7,,0.0,,,8.0
ECA,MKD,"Macedonia, FYR",2013,SILC-C,2014,N,i,2,6.2,0.5,,0.0,,,6.6
ECA,MKD,"Macedonia, FYR",2014,SILC-C,2015,N,i,2,5.1,0.3,,0.0,6.4,,5.4
ECA,MKD,"Macedonia, FYR",2015,SILC-C,2016,N,i,2,5.6,0.5,,0.0,6.6,,6.0
ECA,MKD,"Macedonia, FYR",2016,SILC-C,2017,N,i,2,4.4,0.4,,0.0,5.2,,4.7
ECA,MKD,"Macedonia, FYR",2017,SILC-C,2018,N,i,2,4.6,0.3,,0.0,5.3,,4.8
ECA,MKD,"Macedonia, FYR",2018,SILC-C,2019,N,i,2,3.4,0.4,,0.0,5.1,,3.7
SSA,MLI,Mali,2018,EHCVM,2018,N,c,3,16.3,66.6,28.2,23.9,51.9,23.8,44.1
OHI,MLT,Malta,2012,EU-SILC,2013,N,i,0,0.2,0.5,,0.0,0.2,0.3,0.7
OHI,MLT,Malta,2013,EU-SILC,2014,N,i,0,0.1,0.5,,0.0,0.1,0.3,0.6
OHI,MLT,Malta,2014,EU-SILC,2015,N,i,0,0.0,0.6,,0.0,0.0,0.2,0.6
OHI,MLT,Malta,2015,EU-SILC,2016,N,i,0,0.1,0.5,,0.0,0.0,0.1,0.6
OHI,MLT,Malta,2016,EU-SILC,2017,N,i,0,0.1,0.4,,0.0,0.0,0.1,0.5
OHI,MLT,Malta,2017,EU-SILC,2018,N,i,0,0.2,0.2,,0.0,0.1,0.1,0.4
OHI,MLT,Malta,2018,EU-SILC,2019,N,i,0,0.2,0.1,,0.0,0.1,0.1,0.3
OHI,MLT,Malta,2019,EU-SILC,2020,N,i,0,0.3,0.1,,0.0,0.1,0.0,0.4
EAP,MMR,Myanmar,2015,MPLCS,2015,N,c,0,4.8,25.9,13.7,65.9,18.2,29.4,24.4
EAP,MMR,Myanmar,2017,MLCS,2017,N,c,0,1.4,28.0,6.8,50.9,9.7,20.6,15.0
ECA,MNE,Montenegro,2014,HBS,2014,N,c,0,0.0,0.1,,1.4,2.5,1.2,1.2
EAP,MNG,Mongolia,2012,HSES,2012,N,c,3,0.4,5.0,3.5,0.6,,,1.1
EAP,MNG,Mongolia,2014,HSES,2014,N,c,3,0.2,5.4,3.4,0.2,,,0.7
EAP,MNG,Mongolia,2016,HSES,2016,N,c,3,0.5,2.6,3.2,0.3,9.6,12.8,1.8
EAP,MNG,Mongolia,2018,HSES,2018,N,c,3,0.5,2.7,3.2,0.2,10.4,13.0,1.7
SSA,MOZ,Mozambique,2014,IOF,2014,N,c,0,63.7,54.9,33.3,14.6,71.3,41.1,73.2
SSA,MRT,Mauritania,2014,EPCV,2014,N,c,3,6.0,54.3,8.3,54.1,49.3,38.6,45.5
SSA,MUS,Mauritius,2017,HBS,2017,N,c,0,0.2,7.2,0.2,0.2,,,0.4
SSA,MWI,Malawi,2016,IHS-IV,2016,N,c,1,69.2,56.2,3.1,6.7,48.1,12.9,75.2
SSA,MWI,Malawi,2019,IHS-V,2019,N,c,1,73.5,54.3,3.7,88.8,75.1,11.4,80.3
EAP,MYS,Malaysia,2015,HIS,2016,N,i,1,0.0,0.7,0.6,0.6,13.2,1.6,0.2
SSA,NAM,Namibia,2015,NHIES,2015,N,c,1,13.8,11.3,6.1,53.8,68.3,9.2,26.3
SSA,NER,Niger,2014,ECVMA,2014,N,c,4,45.4,70.6,11.7,87.0,83.7,48.5,79.3
SSA,NER,Niger,2018,EHCVM,2018,N,c,5,41.4,79.7,28.0,78.7,85.2,37.5,78.5
SSA,NGA,Nigeria,2018,LSS,2018,N,c,4,39.1,17.6,20.3,39.4,44.9,27.5,47.3
LAC,NIC,Nicaragua,2014,EMNV,2014,N,i,1,3.4,14.1,8.1,20.0,42.7,12.5,15.2
OHI,NLD,Netherlands,2012,EU-SILC,2013,N,i,2,0.4,0.4,,0.0,0.0,0.0,0.8
OHI,NLD,Netherlands,2013,EU-SILC,2014,N,i,2,0.5,0.6,,0.0,0.0,0.0,1.1
OHI,NLD,Netherlands,2014,EU-SILC,2015,N,i,2,0.2,0.5,,0.0,0.0,0.1,0.7
OHI,NLD,Netherlands,2015,EU-SILC,2016,N,i,2,0.4,1.2,,0.0,0.1,0.1,1.6
OHI,NLD,Netherlands,2016,EU-SILC,2017,N,i,2,0.4,1.2,,0.0,0.1,0.1,1.6
OHI,NLD,Netherlands,2017,EU-SILC,2018,N,i,2,0.5,1.1,,0.0,0.0,0.1,1.6
OHI,NLD,Netherlands,2018,EU-SILC,2019,N,i,2,0.4,1.2,,0.0,0.0,0.1,1.6
OHI,NLD,Netherlands,2019,EU-SILC,2020,N,i,2,0.2,1.6,,0.0,0.0,0.1,1.8
OHI,NOR,Norway,2012,EU-SILC,2013,N,i,1,0.3,0.7,,0.0,0.0,0.4,1.0
OHI,NOR,Norway,2013,EU-SILC,2014,N,i,1,0.2,0.8,,0.0,0.0,0.2,1.0
OHI,NOR,Norway,2014,EU-SILC,2015,N,i,1,0.2,1.2,,0.0,0.0,0.3,1.3
OHI,NOR,Norway,2015,EU-SILC,2016,N,i,1,0.3,1.4,,0.0,0.0,0.4,1.6
OHI,NOR,Norway,2016,EU-SILC,2017,N,i,1,0.5,1.8,,0.0,0.0,0.4,2.3
OHI,NOR,Norway,2017,EU-SILC,2018,N,i,1,0.4,2.1,,0.0,0.0,0.3,2.4
OHI,NOR,Norway,2018,EU-SILC,2019,N,i,1,0.5,2.1,,0.0,0.0,0.4,2.6
OHI,NOR,Norway,2019,EU-SILC,2020,N,i,1,0.3,1.7,,0.0,0.0,0.5,2.0
EAP,NRU,Nauru,2012,HIES,2012,N,c,0,0.9,15.2,4.2,0.8,22.5,3.8,1.3
SAS,PAK,Pakistan,2013,HIES,2013,N,c,1,5.7,22.8,31.6,8.1,35.1,7.9,19.6
SAS,PAK,Pakistan,2015,HIES,2015,N,c,1,3.8,22.3,30.7,10.1,37.4,12.0,19.0
SAS,PAK,Pakistan,2018,HIES,2018,N,c,1,3.6,21.1,28.8,9.3,24.8,6.5,16.0
LAC,PER,Peru,2012,ENAHO,2012,N,i,3,4.8,5.8,1.2,8.8,15.0,13.5,8.2
LAC,PER,Peru,2013,ENAHO,2013,N,i,3,4.4,5.6,1.3,7.7,14.5,12.3,7.2
LAC,PER,Peru,2014,ENAHO,2014,N,i,3,3.7,5.8,1.1,6.8,15.1,10.0,6.3
LAC,PER,Peru,2015,ENAHO,2015,N,i,3,3.6,5.9,1.1,5.8,14.3,9.8,5.9
LAC,PER,Peru,2016,ENAHO,2016,N,i,3,3.5,5.7,1.0,5.5,14.3,8.2,5.6
LAC,PER,Peru,2017,ENAHO,2017,N,i,3,3.4,5.7,0.7,4.9,14.0,8.0,5.4
LAC,PER,Peru,2018,ENAHO,2018,N,i,3,2.7,5.7,0.6,4.5,12.1,6.8,4.4
LAC,PER,Peru,2019,ENAHO,2019,N,i,3,2.2,5.4,0.8,4.1,12.1,6.2,3.9
LAC,PER,Peru,2020,ENAHO,2020,N,i,3,4.4,4.8,1.2,3.7,11.5,5.5,5.6
EAP,PHL,Philippines,2015,FIES,2015,N,i,3,6.1,4.0,0.0,9.1,16.4,9.7,7.9
ECA,POL,Poland,2013,HBS,2013,N,c,2,0.0,0.1,2.9,0.0,,,0.0
ECA,POL,Poland,2014,HBS,2014,N,c,2,0.0,1.3,3.1,0.0,,,0.0
ECA,POL,Poland,2015,HBS,2015,N,c,2,0.0,0.0,2.6,0.0,2.2,0.6,0.0
ECA,POL,Poland,2016,HBS,2016,N,c,2,0.0,0.1,3.0,0.0,2.7,0.4,0.0
ECA,POL,Poland,2019,HBS,2019,N,c,2,0.0,0.0,0.4,0.0,1.0,0.1,0.0
OHI,PRT,Portugal,2012,EU-SILC,2013,N,i,0,0.7,3.6,,0.0,0.9,1.1,4.3
OHI,PRT,Portugal,2013,EU-SILC,2014,N,i,0,0.8,3.6,,0.0,1.0,1.3,4.4
OHI,PRT,Portugal,2014,EU-SILC,2015,N,i,0,0.5,3.3,,0.0,1.0,1.5,3.8
OHI,PRT,Portugal,2015,EU-SILC,2016,N,i,0,0.5,2.7,,0.0,1.1,1.3,3.2
OHI,PRT,Portugal,2016,EU-SILC,2017,N,i,0,0.4,2.6,,0.0,1.0,1.2,3.0
OHI,PRT,Portugal,2017,EU-SILC,2018,N,i,0,0.4,2.4,,0.0,0.8,0.9,2.9
OHI,PRT,Portugal,2018,EU-SILC,2019,N,i,0,0.3,2.3,,0.0,0.7,0.8,2.6
OHI,PRT,Portugal,2019,EU-SILC,2020,N,i,0,0.1,1.5,,0.0,0.6,0.6,1.7
LAC,PRY,Paraguay,2012,EPH,2012,N,i,5,3.2,8.1,3.4,1.6,15.1,5.6,4.9
LAC,PRY,Paraguay,2013,EPH,2013,N,i,5,1.7,6.8,2.8,0.6,12.0,3.8,3.0
LAC,PRY,Paraguay,2014,EPH,2014,N,i,5,2.2,7.8,3.1,0.9,11.0,4.0,3.7
LAC,PRY,Paraguay,2015,EPH,2015,N,i,5,1.7,6.0,2.7,0.5,11.8,3.2,2.7
LAC,PRY,Paraguay,2016,EPH,2016,N,i,5,1.5,6.8,3.0,0.7,12.4,2.9,2.6
LAC,PRY,Paraguay,2017,EPH,2017,N,i,5,0.9,6.0,2.3,0.5,11.3,2.4,1.7
LAC,PRY,Paraguay,2018,EPH,2018,N,i,5,1.3,6.3,2.7,0.3,10.8,2.8,2.4
LAC,PRY,Paraguay,2019,EPH,2019,N,i,5,0.9,6.3,1.9,0.3,9.0,2.1,1.7
LAC,PRY,Paraguay,2020,EPH,2020,N,i,5,0.8,4.9,2.0,0.3,6.8,1.6,1.3
MNA,PSE,West Bank and Gaza,2016,PECS,2016,N,c,1,0.8,1.2,5.8,0.0,0.1,3.2,0.9
ECA,ROU,Romania,2013,HBS,2013,N,c,2,0.0,4.0,4.8,0.2,28.6,1.4,0.5
ECA,ROU,Romania,2016,HBS,2016,N,c,2,0.0,0.3,2.9,0.2,21.6,0.7,0.2
ECA,ROU,Romania,2018,HBS,2018,N,c,2,0.0,0.2,1.8,0.1,18.0,1.0,0.1
ECA,RUS,Russian Federation,2015,HBS,2015,N,c,1,0.0,0.2,0.3,4.5,13.7,8.3,3.5
ECA,RUS,Russian Federation,2019,HBS,2019,N,c,1,0.0,0.3,0.3,5.0,7.9,8.4,4.7
ECA,RUS,Russian Federation,2020,HBS,2020,N,c,1,0.0,0.9,0.7,5.1,7.7,8.6,5.0
SSA,RWA,Rwanda,2013,EICV-IV,2013,N,c,1,57.9,37.5,4.3,80.5,15.0,25.6,62.2
SSA,RWA,Rwanda,2016,EICV-V,2016,N,c,1,56.5,36.9,4.3,64.0,28.1,24.5,61.1
SSA,SDN,Sudan,2014,NBHS,2014,N,c,1,12.2,40.2,22.7,48.5,92.9,44.9,51.5
SSA,SEN,Senegal,2018,EHCVM,2018,N,c,4,7.6,42.0,31.9,26.6,37.4,15.2,31.5
EAP,SLB,Solomon Islands,2012,HIES,2012,N,c,1,24.7,11.4,13.5,53.8,58.5,25.5,37.3
SSA,SLE,Sierra Leone,2018,SLIHS,2018,N,c,1,43.0,28.7,18.7,68.7,87.2,33.8,61.7
LAC,SLV,El Salvador,2012,EHPM,2012,N,i,1,4.2,31.4,6.3,6.6,11.4,6.1,9.7
LAC,SLV,El Salvador,2013,EHPM,2013,N,i,1,3.4,30.0,6.0,4.8,12.1,4.8,8.2
LAC,SLV,El Salvador,2014,EHPM,2014,N,i,1,3.1,28.7,5.5,4.5,11.3,5.0,7.7
LAC,SLV,El Salvador,2015,EHPM,2015,N,i,1,2.0,28.7,5.5,4.2,11.4,4.8,6.5
LAC,SLV,El Salvador,2016,EHPM,2016,N,i,1,2.3,27.2,5.1,3.8,10.4,4.4,6.4
LAC,SLV,El Salvador,2017,EHPM,2017,N,i,1,1.9,27.2,4.9,3.2,10.4,4.0,5.9
LAC,SLV,El Salvador,2018,EHPM,2018,N,i,1,1.5,24.7,4.0,2.6,9.3,3.8,4.8
LAC,SLV,El Salvador,2019,EHPM,2019,N,i,1,1.3,24.8,3.9,2.1,9.4,3.1,4.3
SSA,SOM,Somalia,2017,SHFS-W2,2017,N,c,0,68.6,59.2,56.3,50.6,39.4,11.8,82.6
ECA,SRB,Serbia,2015,HBS,2015,N,c,1,0.1,4.2,0.6,0.1,0.4,0.3,0.3
ECA,SRB,Serbia,2018,HBS,2018,N,c,1,0.0,3.2,0.7,0.1,2.1,0.2,0.1
ECA,SRB,Serbia,2019,HBS,2019,N,c,1,0.0,1.7,0.7,0.1,1.5,0.1,0.2
SSA,SSD,South Sudan,2016,HFS-W3,2016,N,c,1,76.5,39.3,62.2,,88.1,13.9,87.5
SSA,STP,Sao Tomend Principe,2017,IOF,2017,N,c,2,25.6,19.5,4.3,31.2,62.0,8.2,33.8
ECA,SVK,Slovak Republic,2012,EU-SILC,2013,N,i,2,0.3,0.1,,0.0,0.6,0.3,0.4
ECA,SVK,Slovak Republic,2013,EU-SILC,2014,N,i,2,0.5,0.0,,0.0,1.3,0.7,0.5
ECA,SVK,Slovak Republic,2014,EU-SILC,2015,N,i,2,0.6,0.0,,0.0,1.4,0.8,0.6
ECA,SVK,Slovak Republic,2015,EU-SILC,2016,N,i,2,0.9,0.0,,0.0,1.4,0.8,0.9
ECA,SVK,Slovak Republic,2016,EU-SILC,2017,N,i,2,1.5,0.0,,0.0,1.5,0.9,1.5
ECA,SVK,Slovak Republic,2017,EU-SILC,2018,N,i,2,0.2,0.0,,0.0,1.6,1.1,0.2
ECA,SVK,Slovak Republic,2018,EU-SILC,2019,N,i,2,0.2,0.0,,0.0,1.8,1.4,0.2
ECA,SVK,Slovak Republic,2019,EU-SILC,2020,N,i,2,0.1,0.0,,0.0,1.0,0.7,0.1
ECA,SVN,Slovenia,2012,EU-SILC,2013,N,i,3,0.0,0.1,,0.0,0.5,0.6,0.1
ECA,SVN,Slovenia,2013,EU-SILC,2014,N,i,3,0.0,0.0,,0.0,0.6,0.7,0.0
ECA,SVN,Slovenia,2014,EU-SILC,2015,N,i,3,0.0,0.0,,0.0,0.3,0.5,0.0
ECA,SVN,Slovenia,2015,EU-SILC,2016,N,i,3,0.0,0.0,,0.0,0.3,0.4,0.0
ECA,SVN,Slovenia,2016,EU-SILC,2017,N,i,3,0.0,0.0,,0.0,0.2,0.3,0.0
ECA,SVN,Slovenia,2017,EU-SILC,2018,N,i,3,0.0,0.0,,0.0,0.2,0.2,0.0
ECA,SVN,Slovenia,2018,EU-SILC,2019,N,i,3,0.0,0.0,,0.0,0.1,0.1,0.0
ECA,SVN,Slovenia,2019,EU-SILC,2020,N,i,3,0.0,0.0,,0.0,0.1,0.1,0.0
OHI,SWE,Sweden,2012,EU-SILC,2013,N,i,2,0.8,0.8,,0.0,0.0,0.6,1.5
OHI,SWE,Sweden,2013,EU-SILC,2014,N,i,2,0.8,0.9,,0.0,0.0,0.5,1.6
OHI,SWE,Sweden,2014,EU-SILC,2015,N,i,2,0.7,0.6,,0.0,0.0,0.7,1.3
OHI,SWE,Sweden,2015,EU-SILC,2016,N,i,2,0.7,0.7,,0.0,0.0,0.1,1.3
OHI,SWE,Sweden,2016,EU-SILC,2017,N,i,2,0.5,1.1,,0.0,0.0,0.0,1.5
OHI,SWE,Sweden,2017,EU-SILC,2018,N,i,2,0.6,0.9,,0.0,0.0,0.1,1.3
OHI,SWE,Sweden,2018,EU-SILC,2019,N,i,2,0.9,1.1,,0.0,0.0,0.1,1.9
OHI,SWE,Sweden,2019,EU-SILC,2020,N,i,2,0.5,2.0,,0.0,0.0,0.1,2.4
SSA,SWZ,Swaziland,2016,HIES,2016,N,c,1,29.1,10.7,0.3,35.7,46.5,27.9,35.1
SSA,SYC,Seychelles,2013,HBS,2013,N,i,2,1.2,0.6,,1.4,,25.1,2.0
SSA,SYC,Seychelles,2018,HBS,2018,N,i,2,0.5,0.4,,0.0,0.2,5.5,0.8
SSA,TCD,Chad,2018,EHCVM,2018,N,c,1,33.2,69.0,34.9,90.0,87.0,34.8,79.4
SSA,TGO,Togo,2015,QUIBB,2015,N,c,0,51.1,26.6,16.0,,60.4,40.6,64.5
SSA,TGO,Togo,2018,EHCVM,2018,N,c,1,24.1,32.7,14.0,47.4,83.7,25.3,44.6
EAP,THA,Thailand,2012,SES,2012,N,c,2,0.1,14.4,0.7,1.5,0.3,0.7,0.3
EAP,THA,Thailand,2016,SES,2016,N,c,3,0.0,14.5,0.6,0.1,0.3,1.1,0.2
EAP,THA,Thailand,2017,SES,2017,N,c,3,0.0,14.8,0.6,0.1,0.2,0.9,0.1
EAP,THA,Thailand,2018,SES,2018,N,c,3,0.0,14.7,0.6,0.1,0.2,0.8,0.2
EAP,THA,Thailand,2019,SES,2019,N,c,3,0.1,15.0,0.5,0.1,0.2,0.9,0.2
EAP,THA,Thailand,2020,SES,2020,N,c,3,0.0,13.4,0.5,0.1,0.2,0.5,0.2
ECA,TJK,Tajikistan,2015,HSITAFIEN,2015,N,c,0,4.1,0.3,26.8,2.0,3.5,39.4,5.1
EAP,TLS,Timor Leste,2014,TLSLS,2014,N,c,0,22.0,21.1,16.4,27.4,39.6,22.1,34.1
EAP,TON,Tonga,2015,HIES,2015,N,c,1,1.0,1.9,0.8,8.3,0.4,0.1,1.0
MNA,TUN,Tunisia,2015,NSHBCSL,2015,N,c,2,0.2,20.2,2.1,0.2,6.5,2.1,1.6
ECA,TUR,Turkey,2013,HICES,2013,N,c,1,0.3,3.2,4.2,0.0,2.9,0.7,0.6
ECA,TUR,Turkey,2016,HICES,2016,N,c,1,0.2,3.2,5.6,0.0,7.3,0.0,0.6
ECA,TUR,Turkey,2017,HICES,2017,N,c,1,0.1,3.1,5.4,0.0,6.5,0.4,0.6
ECA,TUR,Turkey,2018,HICES,2018,N,c,1,0.0,3.1,3.4,0.0,5.6,0.1,0.3
ECA,TUR,Turkey,2019,HICES,2019,N,c,1,0.4,3.3,3.0,0.0,5.3,0.1,0.6
OHI,TWN,"Taiwan, China",2013,FIDES-LIS,2013,N,I,0,0.1,1.1,1.5,0.0,0.0,,0.1
OHI,TWN,"Taiwan, China",2016,FIDES-LIS,2016,N,I,0,0.1,0.9,1.2,0.0,0.0,,0.1
SSA,TZA,Tanzania,2018,HBS,2018,N,c,1,49.4,13.2,19.5,44.3,71.5,29.2,57.8
SSA,UGA,Uganda,2012,UNHS,2012,N,c,2,35.7,47.9,18.5,91.1,72.1,26.0,65.0
SSA,UGA,Uganda,2016,UNHS,2016,N,c,2,41.3,34.8,14.0,61.2,77.6,22.9,57.0
SSA,UGA,Uganda,2019,UNHS,2019,N,c,2,41.0,31.4,11.8,41.3,71.1,23.7,51.3
ECA,UKR,Ukraine,2019,HLCS,2019,N,c,4,0.0,1.4,,0.0,15.3,0.0,1.4
ECA,UKR,Ukraine,2020,HLCS,2020,N,c,4,0.0,1.6,,0.0,12.4,0.0,1.7
LAC,URY,Uruguay,2012,ECH,2012,N,i,3,0.2,3.1,1.4,0.4,1.5,0.8,0.3
LAC,URY,Uruguay,2013,ECH,2013,N,i,3,0.2,3.0,1.4,0.3,1.6,0.5,0.3
LAC,URY,Uruguay,2014,ECH,2014,N,i,3,0.1,3.0,1.2,0.3,1.5,0.5,0.2
LAC,URY,Uruguay,2015,ECH,2015,N,i,3,0.1,2.8,1.1,0.2,1.2,0.5,0.2
LAC,URY,Uruguay,2016,ECH,2016,N,i,3,0.1,2.5,1.0,0.2,1.2,0.5,0.1
LAC,URY,Uruguay,2017,ECH,2017,N,i,3,0.1,2.4,0.8,0.2,1.1,0.5,0.1
LAC,URY,Uruguay,2018,ECH,2018,N,i,3,0.1,2.2,0.7,0.1,0.9,0.4,0.1
LAC,URY,Uruguay,2019,ECH,2019,N,i,3,0.1,2.0,0.7,0.1,1.0,0.5,0.1
OHI,USA,United States,2012,CPS-ASEC-LIS,2012,N,I,1,1.0,0.3,,0.0,0.0,,1.3
OHI,USA,United States,2013,CPS-ASEC-LIS,2013,N,I,1,1.0,0.3,,0.0,0.0,,1.3
OHI,USA,United States,2014,CPS-ASEC-LIS,2014,N,I,1,1.2,0.3,,0.0,0.0,,1.5
OHI,USA,United States,2015,CPS-ASEC-LIS,2015,N,I,1,1.1,0.3,,0.0,0.0,,1.4
OHI,USA,United States,2016,CPS-ASEC-LIS,2016,N,I,1,1.1,0.2,,0.0,0.0,,1.3
OHI,USA,United States,2017,CPS-ASEC-LIS,2017,N,I,1,1.2,0.2,,0.0,0.0,,1.4
OHI,USA,United States,2018,CPS-ASEC-LIS,2018,N,I,1,1.0,0.2,,0.0,0.0,,1.2
OHI,USA,United States,2019,CPS-ASEC-LIS,2019,N,I,1,0.9,0.2,,0.0,0.0,,1.1
EAP,VNM,Vietnam,2012,VHLSS,2012,N,c,2,2.7,6.6,2.5,1.6,27.6,8.7,4.7
EAP,VNM,Vietnam,2014,VHLSS,2014,N,c,2,2.6,5.9,1.3,0.9,19.8,7.1,3.8
EAP,VNM,Vietnam,2016,VHLSS,2016,N,c,2,1.8,5.2,1.7,0.8,17.2,7.4,2.9
EAP,VNM,Vietnam,2018,VHLSS,2018,N,c,2,1.8,11.8,1.7,0.4,11.1,4.7,3.0
EAP,VUT,Vanuatu,2019,NSDP,2019,N,c,1,8.6,25.7,13.4,1.4,43.0,11.8,14.4
EAP,WSM,Samoa,2013,HIES,2013,N,c,0,1.1,0.4,13.0,2.0,0.9,0.5,1.3
EAP,WSM,Samoa,2018,HIES,2018,N,c,0,8.1,0.1,10.5,0.4,0.6,1.3,8.1
ECA,XKX,Kosovo,2016,HBS,2016,N,c,1,0.8,0.3,21.6,0.1,,,1.0
ECA,XKX,Kosovo,2017,HBS,2017,N,c,1,0.4,0.5,23.6,0.2,1.4,0.7,0.8
MNA,YEM,"Yemen, Rep.",2014,HBS,2014,N,c,1,18.3,16.0,44.5,33.9,41.2,14.0,34.6
SSA,ZAF,South Africa,2014,LCS,2014,N,c,3,18.7,2.3,2.3,4.1,35.2,10.4,20.0
SSA,ZMB,Zambia,2015,LCMS-VII,2015,N,c,4,58.7,24.4,30.4,69.2,60.0,34.4,64.9
SSA,ZWE,Zimbabwe,2017,PICES,2017,N,c,0,34.1,6.9,3.1,37.1,67.6,22.4,39.6
SSA,ZWE,Zimbabwe,2019,PICES,2019,N,c,0,39.5,0.9,6.0,38.0,38.3,19.3,42.2
